-- MySQL dump 10.13  Distrib 8.0.31, for Win64 (x86_64)
--
-- Host: localhost    Database: tranthaishopdb
-- ------------------------------------------------------
-- Server version	8.0.31

/*!40101 SET @OLD_CHARACTER_SET_CLIENT=@@CHARACTER_SET_CLIENT */;
/*!40101 SET @OLD_CHARACTER_SET_RESULTS=@@CHARACTER_SET_RESULTS */;
/*!40101 SET @OLD_COLLATION_CONNECTION=@@COLLATION_CONNECTION */;
/*!50503 SET NAMES utf8 */;
/*!40103 SET @OLD_TIME_ZONE=@@TIME_ZONE */;
/*!40103 SET TIME_ZONE='+00:00' */;
/*!40014 SET @OLD_UNIQUE_CHECKS=@@UNIQUE_CHECKS, UNIQUE_CHECKS=0 */;
/*!40014 SET @OLD_FOREIGN_KEY_CHECKS=@@FOREIGN_KEY_CHECKS, FOREIGN_KEY_CHECKS=0 */;
/*!40101 SET @OLD_SQL_MODE=@@SQL_MODE, SQL_MODE='NO_AUTO_VALUE_ON_ZERO' */;
/*!40111 SET @OLD_SQL_NOTES=@@SQL_NOTES, SQL_NOTES=0 */;

--
-- Table structure for table `bill`
--

DROP TABLE IF EXISTS `bill`;
/*!40101 SET @saved_cs_client     = @@character_set_client */;
/*!50503 SET character_set_client = utf8mb4 */;
CREATE TABLE `bill` (
  `id` bigint NOT NULL,
  `add_information` varchar(255) COLLATE utf8mb4_general_ci DEFAULT NULL,
  `address` varchar(255) COLLATE utf8mb4_general_ci DEFAULT NULL,
  `email` varchar(255) COLLATE utf8mb4_general_ci DEFAULT NULL,
  `first_name` varchar(255) COLLATE utf8mb4_general_ci DEFAULT NULL,
  `last_name` varchar(255) COLLATE utf8mb4_general_ci DEFAULT NULL,
  `phone_number` bigint NOT NULL,
  `price` double NOT NULL,
  `town_city` varchar(255) COLLATE utf8mb4_general_ci DEFAULT NULL,
  `user_id` bigint DEFAULT NULL,
  `product_name` text COLLATE utf8mb4_general_ci,
  PRIMARY KEY (`id`),
  KEY `FKqhq5aolak9ku5x5mx11cpjad9` (`user_id`),
  CONSTRAINT `FKqhq5aolak9ku5x5mx11cpjad9` FOREIGN KEY (`user_id`) REFERENCES `user` (`id`)
) ENGINE=InnoDB DEFAULT CHARSET=utf8mb4 COLLATE=utf8mb4_general_ci;
/*!40101 SET character_set_client = @saved_cs_client */;

--
-- Dumping data for table `bill`
--

LOCK TABLES `bill` WRITE;
/*!40000 ALTER TABLE `bill` DISABLE KEYS */;
INSERT INTO `bill` VALUES (133,'Quá trình đặt hàng rất thuận lợi và dễ dàng. Giao diện trang web thân thiện và thông tin sản phẩm rất chi tiết. Tôi đã tìm thấy những sản phẩm tôi cần và thêm chúng vào giỏ hàng một cách nhanh chóng.','Thanh loc 15','anhthaii1810@gmail.com','TRẦN NGỌC','THÁI',343323560,14526,'hcm',9,'Chanel Classic Flap Mini Top Handle x 2;Nước hoa Chanel Coco Mademoiselle EDP thanh lịch, 100ml x 3;Áo Polo Nam Gucci GG Embroidered Stretch-Cotton Blend Piqué Shirt Black Màu Đen x 4;Quần Dài Nam Gucci GG Cotton 60s Trousers With Web Màu Kaki x 1'),(135,'Quá trình đặt hàng rất thuận lợi và dễ dàng. Giao diện trang web thân thiện và thông tin sản phẩm rất chi tiết. Tôi đã tìm thấy những sản phẩm tôi cần và thêm chúng vào giỏ hàng một cách nhanh chóng.','quân10','nguyenthib123@gmail.com','nguyen thi','b',145697532,6648,'hcm',9,'Chanel Classic Flap Mini Top Handle x 1;Áo Polo Nam Gucci GG Embroidered Stretch-Cotton Blend Piqué Shirt Black Màu Đen x 2'),(137,'Quá trình đặt hàng rất thuận lợi và dễ dàng. Giao diện trang web thân thiện và thông tin sản phẩm rất chi tiết. Tôi đã tìm thấy những sản phẩm tôi cần và thêm chúng vào giỏ hàng một cách nhanh chóng.','quân10','nguyenthib123@gmail.com','nguyen thi','b',145697532,9589,'hcm',9,'Áo Sơ Mi Nam Louis Vuitton LV Monogram Bandana Short-Sleeved Denim Shirt 1AA852 Màu Xanh Trắng Size XS x 1;Áo Sơ Mi Cộc Tay Prada Floral Print Cotton Bowling Shirt Màu Trắng Phối Hoạ Tiết Hoa Tulip x 1;Chanel Classic Flap Mini Top Handle x 1;Áo Polo Nam Gucci GG Embroidered Stretch-Cotton Blend Piqué Shirt Black Màu Đen x 1;Đồng Hồ Nam Gucci G-Timeless Brown Dial Stainless Steel Mens Watch YA126310 Màu Bạc x 1'),(139,'giao sớm giúp tôi','quan 8','tranvana1@gmail.com','tran van','a',235689741,10452,'hcm',9,'Chanel Classic Flap Mini Top Handle x 1;Nước hoa Chanel Coco Mademoiselle EDP thanh lịch, 100ml x 2;Áo Polo Nam Gucci GG Embroidered Stretch-Cotton Blend Piqué Shirt Black Màu Đen x 3;Quần Dài Nam Gucci GG Cotton 60s Trousers With Web Màu Kaki x 4'),(141,'Giao theo giờ hành chánh','quân12','anhthaii1810@gmail.com','TRẦN NGỌC','THÁI',343323560,11148,'HCM',9,'Chanel Classic Flap Mini Top Handle x 2;Nước hoa Chanel Coco Mademoiselle EDP thanh lịch, 100ml x 2'),(143,'Giao ngoài giờ hành chánh','Quận 4','anhthaii1810@gmail.com','TRẦN NGỌC','THÁI',343323560,6198,'HCM',6,'Chanel Classic Flap Mini Top Handle x 1;Nước hoa Chanel Coco Mademoiselle EDP thanh lịch, 100ml x 1;Áo Polo Nam Gucci GG Embroidered Stretch-Cotton Blend Piqué Shirt Black Màu Đen x 1'),(145,'Giao sớm giúp tôi','Quận 5','anhthaii1810@gmail.com','TRẦN NGỌC','THÁI',343323560,1049,'HCM',6,'Nước hoa Chanel Coco Mademoiselle EDP thanh lịch, 100ml x 1;Đồng Hồ Nữ Gucci G-Timeless YA126589A Màu Đen Vàng x 1'),(147,'','Quận 1','anhthaii1810@gmail.com','TRẦN NGỌC','THÁI',343323560,1439,'HCM',6,'Đồng Hồ Nam Gucci G-Timeless Brown Dial Stainless Steel Mens Watch YA126310 Màu Bạc x 1;Áo Polo Nam Hermès H Embroidered Buttoned Shirt Màu Đen x 1'),(149,'','18','anhthaii1810@gmail.com','TRẦN NGỌC','THÁI',343323560,1332,'10',6,'Áo Polo Nam Gucci GG Embroidered Stretch-Cotton Blend Piqué Shirt Black Màu Đen x 1;Quần Dài Nam Gucci GG Cotton 60s Trousers With Web Màu Kaki x 1'),(151,'','18','anhthaii1810@gmail.com','TRẦN NGỌC','THÁI',343323560,5574,'10',6,'Chanel Classic Flap Mini Top Handle x 1;Nước hoa Chanel Coco Mademoiselle EDP thanh lịch, 100ml x 1'),(153,'','18','anhthaii1810@gmail.com','TRẦN NGỌC','THÁI',343323560,798,'10',6,'Nước hoa Chanel Coco Mademoiselle EDP thanh lịch, 100ml x 1;Áo Polo Nam Gucci GG Embroidered Stretch-Cotton Blend Piqué Shirt Black Màu Đen x 1');
/*!40000 ALTER TABLE `bill` ENABLE KEYS */;
UNLOCK TABLES;

--
-- Table structure for table `brand`
--

DROP TABLE IF EXISTS `brand`;
/*!40101 SET @saved_cs_client     = @@character_set_client */;
/*!50503 SET character_set_client = utf8mb4 */;
CREATE TABLE `brand` (
  `brand_id` bigint NOT NULL AUTO_INCREMENT,
  `name` varchar(500) DEFAULT NULL,
  `image_name` varchar(255) DEFAULT NULL,
  PRIMARY KEY (`brand_id`)
) ENGINE=InnoDB AUTO_INCREMENT=101 DEFAULT CHARSET=utf8mb4 COLLATE=utf8mb4_0900_ai_ci;
/*!40101 SET character_set_client = @saved_cs_client */;

--
-- Dumping data for table `brand`
--

LOCK TABLES `brand` WRITE;
/*!40000 ALTER TABLE `brand` DISABLE KEYS */;
INSERT INTO `brand` VALUES (85,'Chanel','https://upload.wikimedia.org/wikipedia/en/thumb/7/70/Chanel_logo-no_words.svg/1280px-Chanel_logo-no_words.svg.png'),(86,'Hermès','https://logos-world.net/wp-content/uploads/2020/12/Hermes-Logo.png'),(87,'Gucci','https://upload.wikimedia.org/wikipedia/commons/thumb/7/79/1960s_Gucci_Logo.svg/2560px-1960s_Gucci_Logo.svg.png'),(88,'Louis Vuitton','https://upload.wikimedia.org/wikipedia/commons/thumb/7/76/Louis_Vuitton_logo_and_wordmark.svg/800px-Louis_Vuitton_logo_and_wordmark.svg.png'),(89,'Prada','https://logo.com/image-cdn/images/kts928pd/production/5be7f05ad50b4254e440898461e4ad1026a11723-900x592.png?w=1080&q=72'),(90,'Dior','https://upload.wikimedia.org/wikipedia/commons/thumb/5/56/Dior_Logo_2022.svg/1280px-Dior_Logo_2022.svg.png'),(91,'Burberry','https://authentic-shoes.com/wp-content/uploads/2023/05/burberrys-of-london-logo-png-transparent_9ff93df4516244768283564c5c3fe9d3_2048x2048.png'),(92,'Dolce & Gabbana','https://upload.wikimedia.org/wikipedia/commons/thumb/b/b1/Dolce_%26_Gabbana.svg/2560px-Dolce_%26_Gabbana.svg.png'),(93,'Ralph Lauren','https://www.elleman.vn/wp-content/uploads/2020/09/03/183588/logo-logo-thuong-hieu-elle-man-0920-ralph-lauren.png'),(94,'Versace','https://file.hstatic.net/1000282067/file/versace-logo-700x394_b9ecf284d4a94e448bfce4c042c450d0_1024x1024.png'),(95,'Armani','https://logoart.vn/blog/wp-content/uploads/2013/08/giorgio-armani-logo.png'),(96,'Givenchy','https://cdn.freebiesupply.com/logos/thumbs/2x/givenchy-3-logo.png'),(97,'FENDI','https://upload.wikimedia.org/wikipedia/commons/thumb/a/a1/Fendi_logo.svg/2560px-Fendi_logo.svg.png'),(98,'Yves Saint Laurent','https://seeklogo.com/images/Y/yves-saint-laurent-logo-09A3BE8CDA-seeklogo.com.png'),(99,'Bottega Veneta','https://i.pinimg.com/originals/75/a9/35/75a9359a2174fcb2ea9c6c1ea2f9d219.png');
/*!40000 ALTER TABLE `brand` ENABLE KEYS */;
UNLOCK TABLES;

--
-- Table structure for table `cart`
--

DROP TABLE IF EXISTS `cart`;
/*!40101 SET @saved_cs_client     = @@character_set_client */;
/*!50503 SET character_set_client = utf8mb4 */;
CREATE TABLE `cart` (
  `id` bigint NOT NULL,
  `user_id` bigint DEFAULT NULL,
  PRIMARY KEY (`id`),
  KEY `FKl70asp4l4w0jmbm1tqyofho4o` (`user_id`),
  CONSTRAINT `FKl70asp4l4w0jmbm1tqyofho4o` FOREIGN KEY (`user_id`) REFERENCES `user` (`id`)
) ENGINE=InnoDB DEFAULT CHARSET=utf8mb4 COLLATE=utf8mb4_0900_ai_ci;
/*!40101 SET character_set_client = @saved_cs_client */;

--
-- Dumping data for table `cart`
--

LOCK TABLES `cart` WRITE;
/*!40000 ALTER TABLE `cart` DISABLE KEYS */;
INSERT INTO `cart` VALUES (154,6),(155,7),(142,9);
/*!40000 ALTER TABLE `cart` ENABLE KEYS */;
UNLOCK TABLES;

--
-- Table structure for table `cart_items`
--

DROP TABLE IF EXISTS `cart_items`;
/*!40101 SET @saved_cs_client     = @@character_set_client */;
/*!50503 SET character_set_client = utf8mb4 */;
CREATE TABLE `cart_items` (
  `cart_id` bigint NOT NULL,
  `quantity` int DEFAULT NULL,
  `product_id` bigint NOT NULL,
  PRIMARY KEY (`cart_id`,`product_id`),
  CONSTRAINT `FK99e0am9jpriwxcm6is7xfedy3` FOREIGN KEY (`cart_id`) REFERENCES `cart` (`id`)
) ENGINE=InnoDB DEFAULT CHARSET=utf8mb4 COLLATE=utf8mb4_0900_ai_ci;
/*!40101 SET character_set_client = @saved_cs_client */;

--
-- Dumping data for table `cart_items`
--

LOCK TABLES `cart_items` WRITE;
/*!40000 ALTER TABLE `cart_items` DISABLE KEYS */;
INSERT INTO `cart_items` VALUES (142,1,86),(142,1,88),(154,1,86),(154,1,88);
/*!40000 ALTER TABLE `cart_items` ENABLE KEYS */;
UNLOCK TABLES;

--
-- Table structure for table `category`
--

DROP TABLE IF EXISTS `category`;
/*!40101 SET @saved_cs_client     = @@character_set_client */;
/*!50503 SET character_set_client = utf8mb4 */;
CREATE TABLE `category` (
  `category_id` int NOT NULL,
  `name` varchar(255) COLLATE utf8mb4_general_ci DEFAULT NULL,
  PRIMARY KEY (`category_id`)
) ENGINE=InnoDB DEFAULT CHARSET=utf8mb4 COLLATE=utf8mb4_general_ci;
/*!40101 SET character_set_client = @saved_cs_client */;

--
-- Dumping data for table `category`
--

LOCK TABLES `category` WRITE;
/*!40000 ALTER TABLE `category` DISABLE KEYS */;
INSERT INTO `category` VALUES (80,'Clothes'),(82,'Bag'),(83,'Perfume'),(84,'Shoe'),(85,'Cosmetics'),(90,'Watch');
/*!40000 ALTER TABLE `category` ENABLE KEYS */;
UNLOCK TABLES;

--
-- Table structure for table `hibernate_sequence`
--

DROP TABLE IF EXISTS `hibernate_sequence`;
/*!40101 SET @saved_cs_client     = @@character_set_client */;
/*!50503 SET character_set_client = utf8mb4 */;
CREATE TABLE `hibernate_sequence` (
  `next_val` bigint DEFAULT NULL
) ENGINE=InnoDB DEFAULT CHARSET=utf8mb4 COLLATE=utf8mb4_general_ci;
/*!40101 SET character_set_client = @saved_cs_client */;

--
-- Dumping data for table `hibernate_sequence`
--

LOCK TABLES `hibernate_sequence` WRITE;
/*!40000 ALTER TABLE `hibernate_sequence` DISABLE KEYS */;
INSERT INTO `hibernate_sequence` VALUES (156);
/*!40000 ALTER TABLE `hibernate_sequence` ENABLE KEYS */;
UNLOCK TABLES;

--
-- Table structure for table `product`
--

DROP TABLE IF EXISTS `product`;
/*!40101 SET @saved_cs_client     = @@character_set_client */;
/*!50503 SET character_set_client = utf8mb4 */;
CREATE TABLE `product` (
  `id` bigint NOT NULL,
  `description` varchar(2000) DEFAULT NULL,
  `image_name` varchar(255) DEFAULT NULL,
  `name` varchar(255) DEFAULT NULL,
  `price` double(20,2) DEFAULT NULL,
  `quantity` int NOT NULL,
  `brand_id` bigint DEFAULT NULL,
  `category_id` bigint DEFAULT NULL,
  PRIMARY KEY (`id`),
  KEY `FKs6cydsualtsrprvlf2bb3lcam` (`brand_id`),
  CONSTRAINT `FKs6cydsualtsrprvlf2bb3lcam` FOREIGN KEY (`brand_id`) REFERENCES `brand` (`brand_id`)
) ENGINE=InnoDB DEFAULT CHARSET=utf8mb4 COLLATE=utf8mb4_0900_ai_ci;
/*!40101 SET character_set_client = @saved_cs_client */;

--
-- Dumping data for table `product`
--

LOCK TABLES `product` WRITE;
/*!40000 ALTER TABLE `product` DISABLE KEYS */;
INSERT INTO `product` VALUES (86,'Da bê hiệu ứng hạt & Kim loại mạ vàng\r\nĐen\r\nTham chiếu  A58600 Y01864 C3906\r\nCÁC KÍCH THƯỚC 19.5 × 30 × 10 cm (inches)\r\nCách thức bảo quản đặc biệt và thường xuyên sẽ đảm bảo độ bền của mỗi sáng tạo. Con số 5 có ý nghĩa đặc biệt với CHANEL. Đó là con số yêu thích của Gabrielle Chanel, là tên mùi hương nước hoa đầu tiên của cô và cũng là số gợi ý bảo quản mỗi sáng tạo của CHANEL luôn trong tình trạng tốt nhất.','https://luxuo.vn/wp-content/uploads/2021/03/maxi-classic-handbag-black-grained-calfskin-gold-tone-metal-grained-calfskin-gold-tone-metal-packshot-default-a58601y01864c3906-8812348768286-624x624.jpg','Chanel Classic Flap Mini Top Handle',5400.00,93,85,82),(87,'Nước hoa Chanel Coco Mademoiselle 100ml - thanh lịch, quý phái\r\nChanel Coco Mademoiselle mang hương thơm phương Đông hiện đại, tươi mát và gợi cảm, biểu hiện cho vẻ đẹp nữ tính mà không kém\r\nphần năng động của những người phụ nữ thanh lịch và quý phái. Nước hoa mang nhiều tầng hương hoa cỏ khác nhau của cam Bergamot,\r\nbưởi, hoa nhài, hoa hồng, quả vải, cỏ hương bài, xạ hương, hoắc hương, lan nhiệt đới, ... tất cả phù hợp cho một mùa hè tươi mát và tỏa hương.','https://cdn.chiaki.vn/unsafe/0x960/left/top/smart/filters:quality(75)/https://chiaki.vn/upload/product/2016/11/nuoc-hoa-chanel-coco-mademoiselle-thanh-lich0-03112016112815.jpg','Nước hoa Chanel Coco Mademoiselle EDP thanh lịch, 100ml',174.00,92,85,83),(88,'Áo Polo Nam Gucci GG Embroidered Stretch-Cotton Blend Piqué Shirt Black Màu Đen là chiếc áo thời trang dành cho\r\nnam đến từ thương hiệu Gucci nổi tiếng. Với thiết kế hiện đại cùng chất liệu cao cấp, chiếc áo polo này được nhiều tín đồ thời trang săn đón.\r\nThiết kế chất vải áo mềm mịn, không nhăn, không xù, không phai màu và dễ dàng giặt giũ. Mẫu áo Gucci GG\r\nEmbroidered Stretch-Cotton Blend Piqué Shirt Black với kiểu dáng cổ bẻ kết hợp 2 hàng cúc, tay ngắn năng động,\r\nđiểm nhấn viền đỏ đen ở cổ áo tạo nên nét riêng biệt và độc đáo chỉ có ở thương hiệu nhà GG.\r\nNổi bật với màu đen phối họa tiết sang trọng và hiện đại, chiếc áo có thể kết hợp với quần jean, quần tay hay short để làm tôn lên phong cách của các chàng trai. Với chiếc áo thời trang này bạn có thể mặc trong nhiều hoàn cảnh khác nhau từ công sở lịch lãm đến thời trang mặc thường nhật hàng ngày...','https://cdn.vuahanghieu.com/unsafe/500x0/left/top/smart/filters:quality(90)/https://admin.vuahanghieu.com/upload/product/2023/08/ao-polo-nam-gucci-gg-embroidered-stretch-cotton-blend-pique-shirt-black-mau-den-64dc54f0e8be9-16082023114744.jpg','Áo Polo Nam Gucci GG Embroidered Stretch-Cotton Blend Piqué Shirt Black Màu Đen',624.00,91,87,80),(89,'Quần Dài Nam Gucci GG Cotton 60s Trousers With Web Màu Kaki là mẫu quần dành cho nam đến từ thương hiệu\r\nGucci nổi tiếng của Ý. Quần dài mang phong cách trẻ trung, lịch lãm cùng chất liệu cao cấp mang đến sự thoải mái cho người mặc.\r\nQuần làm bằng chất liệu vải 100% cotton cao cấp nên rất mềm mịn, không nhăn, không xù, không phai màu trong quá trình mặc. Mẫu quần nổi bật với gam màu kaki phối vạt cờ ở túi quần cực sang trọng, giúp các chàng trai thêm phần hiện đại trước đám đông.\r\nĐây là một mẫu quần dành cho những chàng trai yêu thích sự đơn giản nhưng không kém phần cuốn hút. Mix & match quần dài cao cấp với những chiếc áo thun, sơ mi, áo phông hay polo để tạo nên một set đồ đậm chất congo sở.','https://cdn.vuahanghieu.com/unsafe/500x0/left/top/smart/filters:quality(90)/https://admin.vuahanghieu.com/upload/product/2023/06/quan-dai-nam-gucci-gg-cotton-60s-trousers-with-web-mau-kaki-6490146584898-19062023154005.jpg','Quần Dài Nam Gucci GG Cotton 60s Trousers With Web Màu Kaki',708.00,95,87,80),(91,'Đồng Hồ Nữ Gucci G-Timeless YA126589A Màu Đen Vàng là chiếc đồng hồ dành cho nữ đến từ thương hiệu Gucci nổi tiếng. Sở hữu gam màu bạc thanh lịch cùng thiết kế hiện đại, chiếc đồng hồ Gucci G-Timeless YA126589A mang đến cho người đeo sự sang trọng tinh tế.\r\nĐồng Hồ Nữ Gucci G-Timeless YA126589A Màu Đen Vàng sở hữu đường kính mặt số 29mm, chất liệu mặt kính\r\nSapphire có khả năng hạn chế trầy xước cao. Chất liệu vỏ được làm từ thép không gỉ cao cấp rất bền bỉ theo thời gian. Độ chịu nước 50m phù hợp với mọi hoạt động hàng ngày.\r\nChiếc đồng hồ được thiết kế với kiểu dáng sành điệu, có dây đeo bằng da cao cấp, mang tới cho người đeo thêm phần cá tính, trẻ trung. Mặt số nổi bật tông màu bạc cùng bộ kim giờ, phút đơn giản mà tinh tế.\r\nVới chiếc đồng hồ Gucci G-Timeless YA126589A vừa thời trang, sang trọng này sẽ giúp phái đẹp tự tin khẳng định mình khi tiếp xúc, gặp gỡ mọi người xung quanh. Bạn có thể diện chiếc đồng hồ trong nhiều dịp khác nhau khi đi chơi, gặp đối tác khách hàng.','https://cdn.vuahanghieu.com/unsafe/500x0/left/top/smart/filters:quality(90)/https://admin.vuahanghieu.com/upload/product/2023/04/dong-ho-nu-gucci-g-timeless-ya126589a-mau-den-vang-643f8ba451f89-19042023133516.jpg','Đồng Hồ Nữ Gucci G-Timeless YA126589A Màu Đen Vàng',875.00,99,87,90),(92,'Thiết kế Đồng Hồ Nam Gucci G-Timeless Brown Dial Stainless Steel Mens Watch YA126310 Màu Bạc.\r\nĐồng hồ Gucci G-Timeless Brown Dial Stainless Steel Mens Watch YA126310 Màu Bạc có đường kính 40mm, độ dày\r\nvỏ 9mm, dây và vỏ đồng hồ được hoàn thiện bằng chất liệu thép không gỉ bền bỉ lâu dài, cứng cáp và chịu va đập tốt.\r\nMặt kính được làm bằng chất liệu sapphire có độ tránh trầy xước cao, cho phép chúng có thể đẹp bền rất lâu dài. Mặt số đồng hồ màu nâu với kim và vjạch chỉ giờ tone màu bạc sáng bóng, tạo nên tổng thể ấn tượng và nam tính.\r\nChiếc đồng hồ Gucci này được trang bị bộ máy Quartz (Pin) và có hệ số chịu nước 5ATM phù hợp cho người dùng đi mưa, rửa tay, tắm.\r\nĐồng hồ Gucci G-Timeless Brown Dial Stainless Steel Mens Watch YA126310 vừa thời trang, sang trọng này sẽ giúp\r\nphái mạnh tự tin khẳng định mình khi tiếp xúc, gặp gỡ mọi người xung quanh. Bạn có thể diện chiếc đồng hồ trong nhiều dịp khác nhau khi đi chơi, đi làm, sự kiện,...','https://cdn.vuahanghieu.com/unsafe/500x0/left/top/smart/filters:quality(90)/https://admin.vuahanghieu.com/upload/product/2023/08/dong-ho-nam-gucci-g-timeless-brown-dial-stainless-steel-mens-watch-ya126310-mau-bac-64d1e74e6829d-08082023135718.jpg','Đồng Hồ Nam Gucci G-Timeless Brown Dial Stainless Steel Mens Watch YA126310 Màu Bạc',815.00,98,87,90),(93,'Áo Polo Nam Hermès H Embroidered Buttoned Shirt Màu Đen là mẫu áo thời trang cao cấp của thương hiệu Hermès.\r\nÁo được thiết kế kiểu dáng hiện đại trẻ trung và làm từ chất vải cao cấp mang đến cho người mặc cảm giác thoải mái cho bạn mỗi khi đi ra ngoài.\r\nÁo có ưu điểm không nhăn, không xù, không phai màu và dễ giặt. Phong cách thiết kế đơn giản, cổ bẻ viền đen kết hợp tay ngắn nên dễ dàng kết hợp với các trang phục khác nhau theo sở thích của bản thân. Đây chính là chiếc áo đá bóng hay hoạt động thể thao, tenis hay đi làm mà các bạn nam không thể bỏ lỡ.\r\nBộ sưu tập những chiếc áo phông mới của Hermes mang đến cho tín đồ thời trang những cảm xúc khác lạ. Áo Hermès HEmbroidered Buttoned Shirt nổi bật với màu đen trẻ trung và khỏe khoắn tạo nên sự tương phản khác biệt so với những chiếc áo phông thông thường.','https://cdn.vuahanghieu.com/unsafe/500x0/left/top/smart/filters:quality(90)/https://admin.vuahanghieu.com/upload/product/2023/06/ao-polo-nam-hermes-h-embroidered-buttoned-shirt-mau-den-647ac4591315c-03062023114057.jpg','Áo Polo Nam Hermès H Embroidered Buttoned Shirt Màu Đen',624.00,99,86,80),(94,'Mô tả Cà Vạt Hermès Cravate Marine/Rouge/Bleu Gris Màu Xanh Navy\r\nCà Vạt Hermès Cravate Marine/Rouge/Bleu Gris được làm từ chất liệu vải 100% lụa dày dặn và mềm mịn, không bai xù, bền đẹp lâu dài. Sản phẩm được hoàn thiện tỉ mỉ đến từng chi tiết.\r\nChiếc cà vạt Hermès được thiết kế họa tiết ấn tượng, sẽ là phụ kiện quan trọng, không thể thiếu của cánh mày râu vào những dịp quan trọng như hội họp, gặp đối tác,...tôn lên vẻ lịch lãm đầy nam tính.\r\nCà Vạt Hermès Cravate Marine/Rouge/Bleu Gris dễ dàng kết hợp với trang phục để trông sang trọng và tạo nên một phong cách thời trang cho riêng mình. Dễ dàng sử dụng, nhanh chóng, tiện lợi, cà vạt Hermès là một phụ kiện thật sự nam tính mà chàng trai nào cũng cần có trong tủ quần áo của mình.','https://cdn.vuahanghieu.com/unsafe/500x0/left/top/smart/filters:quality(90)/https://admin.vuahanghieu.com/upload/product/2022/11/ca-vat-hermes-cravate-marine-rouge-bleu-gris-mau-xanh-navy-63648c685e185-04112022105208.jpg','Cà Vạt Hermès Cravate Marine/Rouge/Bleu Gris Màu Xanh Navy',325.00,100,86,80),(97,'Thiết Kế Áo Sơ Mi Louis Vuitton LV Monogram Bandana Short-Sleeved Denim Shirt 1AA852 Màu Xanh Trắng\r\nÁo Sơ Mi Nam Louis Vuitton LV Monogram Bandana Short-Sleeved Denim Shirt 1AA852 được hoàn thiện từ chất liệu vải denim cao cấp ( 100% cotton) mềm mại, dễ chịu trên da mang lại cảm giác thoáng mát cho người mặc. Form áo chuẩn đẹp với những đường nét sắc sảo.\r\nThiết kế áo kiểu dáng cộc tay trẻ trung được nhấn mạnh bằng một chiếc túi cài khuy ẩn, đường viền dưới thẳng và túi có nắp bất đối xứng ở ngực trái.\r\nĐiểm nhấn họa tiết Monogram Bandana bao phủ toàn bộ với hiệu ứng nhuộm cà vạt được tẩy trắng, đạt được thông qua kỹ thuật xả giúp loại bỏ màu khỏi vải thay vì nhuộm mang đến phong cách hoàn toàn mới lại mà vẫn mang hình bóng đặc trưng của nhà LV.\r\nÁo sơ mi LV Monogram Bandana Short-Sleeved Denim Shirt 1AA852 dễ dàng kết hợp với quần jean, quần kaki, quần âu hay quần short để có một set đồ ấn tượng, sành điệu phù hợp xu hướng, phù hợp mọi dịp đi chơi, đi làm, sự kiện,...','https://pos.nvncdn.net/c90999-25435/ps/20220703_LuBTcyYIRz2jDfjU0zExETcO.JPG','Áo Sơ Mi Nam Louis Vuitton LV Monogram Bandana Short-Sleeved Denim Shirt 1AA852 Màu Xanh Trắng Size XS',1792.00,99,88,80),(98,'Thiết Kế Áo Polo Nam Louis Vuitton LV Classic Short Sleeve Pique 1A1589 Màu Đen\r\nÁo polo Louis Vuitton LV Classic Short Sleeve Pique 1A1S89 được làm từ chất liệu cotton thoáng mát mang đến những trải nghiệm thoải mái cho phái mạnh trong tiết trời ngày hè.\r\nLV Classic Short Sleeve Pique 1A1589 với dáng áo ngắn tay, cổ bẻ cùng 3 hàng cúc tạo nên phong cách lịch lãm nhưng cũng không kém phần năng động. Điểm nhấn logo LV được in ở ngực trái mang nét đặc trưng quen thuộc của hãng.\r\nNổi bật với màu đen khỏe khoắn và sang trọng, bạn có thể kết hợp với nhiều phong cách thời trang khác nhau từ công sở thanh lịch đến phong cách dạo phố, gặp gỡ bạn bè.','https://vn.louisvuitton.com/images/is/image/lv/1/PP_VP_L/louis-vuitton-%C3%A1o-polo-classic-trang-ph%E1%BB%A5c--HAJR32JEA653_PM2_Front%20view.jpg','Áo Polo Nam Louis Vuitton LV Classic Short Sleeve Pique 1A1S89 Màu Đen',687.00,100,88,80),(99,'Ưu điểm áo sơ mi cộc tay Prada Floral Print Cotton Bowling Shirt màu trắng phối họa tiết hoa tulip\r\nÁo Sơ Mi Prada Floral Print Cotton Bowling Shirt mang phong cách đậm chất mùa hè. Prada Floral Print Cotton Bowling Shirt là sự lựa chọn hoàn hảo tạo nên diện mạo ấn tượng cho các chàng trai.\r\nVới tone màu trắng dễ phối hợp, chiếc sơ mi từ thương hiệu Prada nổi bật với họa tiết hoa Tulip đơn sắc in lệch được nhà mốt nhấn nhá với logo trứ danh thương hiệu.\r\nSự kết hợp giữa màu sắc cùng những \"nét vẽ\" mang lại cảm giác tinh tế trong nét thời trang có phần đương đại nhưng cũng không kém phần sang trọng, đẳng cấp. Là thiết kế sành điệu dành cho những ngày hè oi bức, chất liệu 100% cotton chắc chắn sẽ không làm các tín đồ thất vọng.\r\nSản phẩm được thiết kế form thoải mái dễ mặc, phù hợp với đa số dáng người và đem đến phong cách lịch lãm nơi công sở hoặc cá tính khi đi chơi.','https://admin.vuahanghieu.com/upload/product/2022/04/ao-so-mi-prada-floral-print-cotton-bowling-shirt-mau-trang-phoi-hoa-tiet-hoa-tulip-6260bb96c7463-21042022090406.jpg','Áo Sơ Mi Cộc Tay Prada Floral Print Cotton Bowling Shirt Màu Trắng Phối Hoạ Tiết Hoa Tulip',958.00,99,89,80),(100,'Ưu Điểm Áo Polo Nam Prada Logo Printed Shirt Màu Đen\r\nÁo Polo Nam Prada Logo Printed Shirt mang phong cách đậm chất mùa hè, tạo nên diện mạo ấn tượng cho các chàng trai. Sở hữu những tone màu năng động cùng phong cách thiết kế tối giản, hiện đại, mang đến cho các chàng trai vẻ ngoài lịch lãm.\r\nNổi bật gam màu đen sang trọng và khỏe khoắn, điểm nhấn tên thương hiệu được in trên túi ngực có khóa khá nam tính.\r\nVới chất liệu cotton mềm mại và thoáng mát, chắc chắn sẽ không làm các tín đồ thất vọng.\r\nPrada Logo Printed Shirt được thiết kế form dáng thoải mái dễ mặc, cổ bẻ và tay nganwsn nên phù hợp với đa số dáng người và đem đến phong cách lịch lãm nơi công sở hoặc cá tính khi đi chơi.','https://admin.vuahanghieu.com/upload/product/2023/06/ao-polo-nam-prada-logo-printed-shirt-mau-den-647d829b1ff98-05062023133715.jpg','Áo Polo Nam Prada Logo Printed Shirt Màu Đen',750.00,100,89,80),(101,'Đặc Điểm Áo Polo Nam Dior Loose Fit Dior Jardin Màu Trắng\r\nÁo Polo Nam Dior Loose Fit Dior Jardin được làm từ cotton có khả năng thấm hút tốt mang lại cảm giác thoải mái cho\r\nngười mặc. Form áo chuẩn đẹp, đường may tinh tế, tỉ mỉ từng chi tiết làm hài lòng ngay cả với khách hàng khó tính.\r\nÁo cổ bẻ tay ngắn, tên thương hiệu được thiết kế cách điệu và tinh tế ở ngực trái. Với chiếc áo thời trang này bạn có thể kết hợp với nhiều phong cách khác nhau từ lịch lãm, công sở đến phong cách thể thao, dạo phố... Khéo léo kết hợp những bộ trang phục với nhau chắc chắn bạn sẽ có những sét đồ thời trang ưng ý khi xuống phố.\r\nÁo Dior Loose Fit Dior Jardin nổi bật với gam màu trắng nhưng sau lưng được in thêm họa tiết hoa hồng khá bắt mắt nên nhìn chiếc áo không hề bị cách điệu. Đây là một mẫu áo Dior dành cho các chàng trai yêu thích sự đơn giản nhưng không kém phần tinh tế.','https://admin.vuahanghieu.com/upload/product/2023/05/ao-polo-nam-dior-loose-fit-dior-jardin-mau-trang-646b260c8de23-22052023152132.jpg','Áo Polo Nam Dior Loose Fit Dior Jardin Màu Trắng',1333.00,100,90,80),(102,'Áo Dior By Dior Embroidery Cotton Shirt được làm từ cotton có khả năng thấm hút tốt mang lại cảm giác thoải mái cho\r\nngười mặc. Form áo chuẩn đẹp, đường may tinh tế, tỉ mỉ từng chi tiết làm hài lòng ngay cả với khách hàng khó tính.\r\nÁo cổ bẻ tay ngắn, tên thương hiệu được thiết kế cách điệu và tinh tế ở ngực trái. Với chiếc áo thời trang này bạn có thể kết hợp với nhiều phong cách khác nhau từ lịch lãm, công sở đến phong cách thể thao, dạo phố... Khéo léo kết hợp những bộ trang phục với nhau chắc chắn bạn sẽ có những sét đồ thời trang ưng ý khi xuống phố.\r\nÁo Dior Loose Fit Dior Jardin nổi bật với gam màu trắng nhưng sau lưng được in thêm họa tiết hoa hồng khá bắt mắt nên nhìn chiếc áo không hề bị cách điệu. Đây là một mẫu áo Dior dành cho các chàng trai yêu thích sự đơn giản nhưng không kém phần tinh tế.','https://admin.vuahanghieu.com/upload/product/2022/02/ao-dior-by-dior-embroidery-cotton-shirt-620cf3c764f2c-16022022195327.jpg','Áo Dior By Dior Embroidery Cotton Shirt',542.00,100,90,80),(103,'Đặc điểm Áo Sơ Mi Nam Burberry Somerton 8018111 A1960 Màu Xanh Navy\r\nÁo Sơ Mi Burberry Somerton 8018111 A1960 Màu Xanh Navy được làm từ chất vải cotton, elastane thoáng mát, thấm hút mồ hôi tốt mang lại cảm giác thoải mái cho người mặc. Form áo chuẩn đẹp, đường may tinh tế, tỉ mỉ từng chi tiết làm hài lòng ngay cả với khách hàng khó tính.\r\nÁo sơ mi Burberry cổ bẻ, tay dài với họa tiết kẻ sọc ngang dọc độc đáo tạo điểm nhấn.\r\nVới chiếc áo thời trang này bạn có thể kết hợp với nhiều phong cách khác nhau từ lịch lãm, công sở, gặp gỡ đối tác, khách hàng... Khéo léo kết hợp những bộ trang phục với nhau chắc chắn bạn sẽ có những sét đồ thời trang ưng ý khi xuống phố.\r\nĐây là một mẫu áo Burberry dành cho các chàng trai yêu thích sự đơn giản nhưng không kém phần tinh tế và nổi bật.','https://admin.vuahanghieu.com/upload/product/2022/06/ao-so-mi-nam-burberry-somerton-8018111-a1960-mau-xanh-navy-6296cb97d5a07-01062022091447.jpg','Áo Sơ Mi Nam Burberry Somerton 8018111 A1960 Màu Xanh Navy Size XS',396.00,100,91,80),(104,'Đặc Điểm Áo Sơ Mi Nam Burberry Men\'s 8011369\r\nÁo sơ mi Burberry Men\'s 8011369 được làm từ chất vải cotton thoáng mát, thấm hút mồ hôi tốt mang lại cảm giác thoải mái cho người mặc. Form áo chuẩn đẹp, đường may tinh tế, tỉ mỉ từng chi tiết.\r\nThiết kế áo cổ bẻ, tay dài, họa tiết logo thương hiệu được thêu trước mặt khá nổi bật và tinh tế. Bạn có thể kết hợp chiếc áo sơ mi Burberry Men\'s 8011369 với quần jean, quần vải hay quần short đều phù hợp và trở nên năng động. Khéo léo kết hợp những bộ trang phục với nhau sẽ có những set đồ thời trang ưng ý khi xuống phố.','https://admin.vuahanghieu.com/upload/product/2023/08/ao-so-mi-nam-burberry-men-s-8011369-mau-trang-size-s-64c8aa8c34b49-01082023134740.jpg','Áo Sơ Mi Nam Burberry Men\'s 8011369 Màu Trắng Size S',338.00,100,91,80),(105,'Mô tả Áo Thun Dolce & Gabbana Short Sleeve T-Shirt Màu Xám Đen\r\nÁo Thun Dolce & Gabbana Short Sleeve T-Shirt Màu Xám Đen được làm từ chất vải cotton, polyester thoáng mát, thấm hút mồ hôi tốt mang lại cảm giác thoải mái cho người mặc. Form áo chuẩn đẹp, đường may tinh tế, tỉ mỉ từng chi tiết làm hài lòng ngay cả với khách hàng khó tính.\r\nÁo cổ tròn, tay ngắn với họa tiết trang trí viền kẻ đỏ-vàng tạo điểm nhấn độc đáo. Màu sắc áo đơn giản bạn có thể kết hợp với nhiều phong cách khác nhau... Khéo léo kết hợp những bộ trang phục với nhau chắc chắn bạn sẽ có những sét đồ thời trang ưng ý khi xuống phố.','https://admin.vuahanghieu.com/upload/product/2022/02/ao-thun-dolce-gabbana-short-sleeve-t-shirt-mau-xam-den-62062ac681f6f-11022022162214.jpg','Áo Thun Nam Dolce & Gabbana D&G Short Sleeve T-Shirt Màu Xám Đen Size 48',313.00,100,92,80),(106,'Mô tả Bộ Quần Áo Nỉ Dolce & Gabbana D&G FS765 Màu Đen Be\r\nBộ Quần Áo Ni Dolce & Gabbana D&G FS765 Màu Đen Be được hoàn thiện từ với chất liệu vải cotton/polyester cao cấp mềm mịn mang lại cảm giác thoải mái khi mặc. Bộ quần áo này mang phong cách thể thao dễ chịu và thoải mái.\r\nThiết kế bộ quần áo DG nổi bật với họa tiết độc đáo mang lại nét cá tính riêng. Áo cổ tròn với tay và vạt dưới bo chun và quần cạp chun có dây rút dễ dàng vừa vặn và mang lại cảm giác thoải mái khi mặc.\r\nBộ Quần Áo Ni Dolce & Gabbana mang màu sắc đơn giản dễ dàng kết hợp với quần áo và phụ kiện khác phù hợp để\r\ndiện hàng ngày, đi chơi,...sẽ là một iteam không thể bỏ lỡ trong mùa thu đông.','https://admin.vuahanghieu.com/upload/product/2023/08/bo-quan-ao-ni-dolce-gabbana-d-g-fs765-mau-den-be-size-48-64e808f39337c-25082023085043.jpg','Bộ Quần Áo Nỉ Nam Dolce & Gabbana D&G FS765 Màu Đen Be Size 48',833.00,100,92,80),(107,'Mô Tả Áo Sơ Mi Dài Tay Nam Ralph Lauren Slim Fit RA866752 Màu Xanh Navy\r\nÁo Sơ Mi Dài Tay Nam Ralph Lauren Slim Fit RA866752 Màu Xanh Navy được hoàn thiện từ chất liệu vải cotton cao cấp với nhiều ưu điểm nổi trội như mềm mại, thấm hút mồ hôi tốt mang lại cảm giác thoải mái tối đa cho người mặc. Form áo chuẩn đẹp và tỉ mỉ đến từng chi tiết.\r\nÁo thiết kế kiểu dáng ôm sát dễ dàng tôn vóc dáng mà vẫn tạo được cảm giác thoải mái khi mặc. Bạn có thể phối với quần âu, quần jeans hoặc short để biến hóa mang lại set đồ vừa lịch sự vừa có thể năng động và trẻ trung.\r\nÁo sơ mi Nam Ralph Lauren Slim Fit RA866752 mang màu sắc trung tính, không kén trang phục, dễ dàng mix match\r\nmang lại sét đồ ấn tượng phù hợp để diện đi chơi, đi làm,...là một iteam đầy nam tính không thể bỏ lỡ dành cho phái mạnh.','https://admin.vuahanghieu.com/upload/product/2023/08/a-o-so-mi-dai-tay-nam-ralph-lauren-slim-fit-ra866752-mau-xanh-navy-size-s-64e424b9f06cd-22082023100009.jpg','Áo Sơ Mi Dài Tay Nam Ralph Lauren Slim Fit RA866752 Màu Xanh Navy Size M',115.00,100,93,80),(108,'Mô Tả Áo Polo Nam Ralph Lauren Slim Fit RLNEUNAVY Màu Xanh Navy\r\nÁo Polo Nam Ralph Lauren Slim Fit RLNEUNAVY Màu Xanh Navy được hoàn thiện từ chất liệu vải cotton cao cấp với\r\nnhiều ưu điểm nổi trội như mềm mại, thấm hút mồ hôi tốt mang lại cảm giác thoải mái tối đa cho người mặc. Form áo chuẩn đẹp và tỉ mỉ đến từng chi tiết.\r\nÁo thiết kế kiểu dáng tối giản xẻ tà ngắn hai bên vạt sau dài hơn, ôm vừa vặn dễ mặc với điểm nhấn thêu huy hiệu logo thương hiệu phía trước ngực ấn tượng. Bạn có thể mix với quần âu, quần jeans hoặc short để biến hóa mang lại set đồ vừa lịch sự vừa có thể năng động và trẻ trung.\r\nÁo polo Ralph Lauren Slim Fit RLNEUNAVY mang màu sắc sáng không kén trang phục, dễ dàng mix match mang lại sét đồ ấn tượng phù hợp để diện đi chơi, đi làm,....là một iteam đầy nam tính không thể bỏ lỡ dành cho phái mạnh.','https://admin.vuahanghieu.com/upload/product/2023/08/ao-polo-nam-ralph-lauren-slim-fit-rlneunavy-mau-xanh-navy-size-s-64e437aa2f58d-22082023112058.jpg','Áo Polo Nam Ralph Lauren Slim Fit RLNEUNAVY Màu Xanh Navy Size S',112.00,100,93,80),(109,'Mô tả Áo Polo Nam Versace Black Logo Embroidered Pattern 1012260 1A08837 2B130 Màu Đen\r\nÁo Polo Nam Versace Black Logo Embroidered Pattern 1012260 1A08837 2B130 Màu Đen được làm từ chất liệu vải cotton cao cấp, mang lại cảm giác thoải mái khi mặc. Form áo với các đường chỉ khâu vô cùng tỉ mỉ và chắc chắn hài lòng ngay cả với khách hàng khó tính.\r\nÁo thiết kế cổ bẻ, tay ngắn mang lại sự năng động, trẻ trung, họa tiết hoa văn ở cổ áo rất nổi bật. Màu sắc áo đơn giản dễ phối đồ với nhiều trang phục khác nhau.\r\nBạn có thể phối áo Versace Black Logo Embroidered Pattern 1012260 1A08837 2B130 cùng quần jeans để đem đến phong cách năng động, khỏe khoắn. Hoặc cá tính hơn, bạn hoàn toàn có thể chọn áo phối cùng 1 chiếc quần short khi mặc đi chơi.','https://admin.vuahanghieu.com/upload/product/2023/08/ao-polo-nam-versace-black-logo-embroidered-pattern-1012260-1a08837-2b130-mau-den-64e95c5bd77fc-26082023085851.jpg','Áo Polo Nam Versace Black Logo Embroidered Pattern 1012260 1A08837 2B130 Màu Đen',356.00,100,94,80),(110,'Đặc điểm Quần Kaki Nam Versace Black With Bright Multicolor A89392 A229958 A1075 Màu Đen\r\nQuần Kaki Nam Versace Black With Bright Multicolor A89392 A229958 A1075 Màu Đen được làm từ chất liệu vải\r\ncotton cao cấp, độ bền màu tốt, không nhăn, không xù nên bền đẹp trong suốt quá trình sử dụng.\r\nForm quần được may với các đường nét vô cùng tỉ mỉ và chắc chắn. Versace luôn mang đến cho người mặc những chiếc quần có phong cách đơn giản, nhưng vẫn rất cá tính và độc đáo.\r\nBạn có thể phối Quần kaki Versace Black With Bright Multicolor A89392 A229958 A1075 cùng áo polo hoặc áo phông để đem đến phong cách năng động, khỏe khoắn. Khéo léo kết hợp một cách linh hoạt, chắc chắn bạn sẽ có những set đồ thời trang ấn tượng.','https://admin.vuahanghieu.com/upload/product/2023/08/quan-kaki-nam-versace-black-with-bright-multicolor-a89392-a229958-a1075-mau-den-64e96337bb5a4-26082023092807.jpg','Quần Kaki Nam Versace Black With Bright Multicolor A89392 A229958 A1075 Màu Đen',356.00,100,94,80),(111,'Mô tả Áo Sơ Mi Cộc Tay Nam Givenchy Black With Logo Printed BM60T51YC8 001 Màu Đen\r\nÁo Sơ Mi Cộc Tay Nam Givenchy Black With Logo Printed BM60T51YC8 001 Màu Đen được làm từ chất liệu cotton\r\nnên thầm hút mồ hôi tốt, vải mềm mịn không bị xù. Form áo được may với các đường nét vô cùng tỉ mỉ và chắc chắn. Áo thiết kế cổ bẻ, tay ngắn với tên thương hiệu in màu trắng nổi bật trên nền áo đen.\r\nBạn có thể phối áo Givenchy Black With Logo Printed BM60T51YC8 001 cùng quần jeans để đem đến phong cách năng động, khỏe khoắn. Hoặc cá tính, trẻ trung hơn, bạn hoàn toàn có thể chọn áo phối cùng 1 quần short khi đi dạo phố, đi chơi... Khéo léo kết hợp một cách linh hoạt, chắc chắn bạn sẽ có những set đồ thời trang ấn tượng.','https://admin.vuahanghieu.com/upload/product/2023/06/ao-so-mi-coc-tay-nam-givenchy-black-with-logo-printed-bm60t51yc8-001-mau-den-64783943a04c6-01062023132259.jpg','Áo Sơ Mi Cộc Tay Nam Givenchy Black With Logo Printed BM60T51YC8 001 Màu Đen',523.00,100,96,80),(112,'Mô Tả Áo Phông Nam Givenchy Black With Logo Printed Tshirt BM716G3YEL/1 Màu Đen\r\nÁo Phông Nam Givenchy Black With Logo Printed Tshirt BM716G3YEL/1 Màu Đen được làm từ chất liệu 100% cotton nên thầm hút mồ hôi tốt, vải mềm mịn không bị xù. Form áo được may với các đường nét vô cùng tỉ mỉ và chắc chắn. Áo thiết kế cổ tròn, tay ngắn với tên và logo thương hiệu in nổi bật trên nền áo đen.\r\nBạn có thể phối áo phông Givenchy Black With Logo Printed Tshirt BM716G3YEL/1 cùng quần jeans để đem đến phong cách năng động, khỏe khoắn. Hoặc cá tính, trẻ trung hơn, bạn hoàn toàn có thể chọn áo phối cùng 1 quần short khi đi dạo phố, đi chơi... Khéo léo kết hợp một cách linh hoạt, chắc chắn bạn sẽ có những set đồ thời trang ấn tượng.','https://admin.vuahanghieu.com/upload/product/2023/08/ao-phong-nam-givenchy-black-with-logo-printed-tshirt-bm716g3yel-1-mau-den-64dc46309c8b7-16082023104448.jpg','Áo Phông Nam Givenchy Black With Logo Printed Tshirt BM716G3YEL/1 Màu Đen',541.00,100,96,80),(113,'Mô tả Áo Len Fendi FF Monogram Grey Monogrammed Sweater FZX050 AKFS-F1HXU Màu Đen Xám\r\nÁo Len Fendi FF Monogram Grey Monogrammed Sweater FZX050 AKFS-F1HXU Màu Đen Xám được làm từ chất liệu\r\nvải len cao cấp mang lại sự thoải mái cho người mặc. Ngoài khả năng giữ ấm cho cơ thể mẫu áo cò giữ được sự bền lâu theo thời gian.\r\nHọa tiết FF tạo điểm nhấn độc đáo, màu sắc áo trung tính dễ dàng kết hợp với các trang phục khác nhau theo sở thích của bản thân. Khi mặc kiểu áo này bạn sẽ cảm thấy vừa vặn, tôn dáng, giúp thân hình mình trở nên cân đối hơn.\r\nĐây là một mẫu áo dành cho những chàng trai yêu thích sự đơn giản nhưng không kém phần nổi bật và cuốn hút. Bạn vừa có thể mặc du lịch hay tán gẫu cùng bạn bè. Các chàng trai có thể mặc nó cùng với quần short kaki trẻ trung hoặc hoặc quần tây ống rộng lãng tử.','https://admin.vuahanghieu.com/upload/product/2023/08/ao-phong-nam-givenchy-black-with-logo-printed-tshirt-bm716g3yel-1-mau-den-64dc46309c8b7-16082023104448.jpg','Áo Len Nam Fendi FF Monogram Grey Monogrammed Sweater FZX050 AKFS-F1HXU Màu Đen Xám Size 46',833.00,100,97,80),(114,'Mô tả Áo Khoác Fendi Ff-Embossed Bomber Jacket Mens Màu Đen Xám\r\nÁo Khoác Fendi Ff-Embossed Bomber Jacket Mens Màu Đen Xám được làm từ chất liệu vải cao cấp mang lại sự thoải mái cho người mặc. Form áo chuẩn đẹp từng đường kim mũi chỉ đảm bảo hài lòng ngay cả với khách hàng khó tính.\r\nHọa tiết tạo điểm nhấn độc đáo, màu sắc áo trung tính dễ dàng kết hợp với các trang phục khác nhau theo sở thích của bản thân.\r\nĐây là một mẫu áo dành cho những chàng trai yêu thích sự đơn giản nhưng không kém phần nổi bật và cuốn hút. Bạn vừa có thể mặc du lịch hay tán gẫu cùng bạn bè. Các chàng trai có thể mặc nó cùng với quần kaki trẻ trung hoặc hoặc quần tây ống rộng lãng tử.','https://admin.vuahanghieu.com/upload/product/2022/11/ao-khoac-fendi-ff-embossed-bomber-jacket-mens-mau-den-xam-size-46-636083a33b162-01112022092539.jpg','Áo Khoác Fendi Ff-Embossed Bomber Jacket Mens Màu Đen Xám Size 46',1395.00,100,97,80),(115,'Đặc Điểm Áo Sơ Mi Saint Laurent Yves YSL Floral Print Silk Shirt Màu Đen\r\nSaint Laurent Yves YSL Floral Print Silk Shirt là mẫu áo được thiết kế kiểu dáng hiện đại và thời trang, toát lên sự sang trọng và thu hút. Áo có họa tiết hoa sành điệu, giúp bạn trông thật nổi bật và cuốn hút. Kiểu dáng áo nam này sẽ giúp body của bạn tôn lên một cách tối đa tạo cảm giác người mặc cân đối và mạnh mẽ hơn rất nhiều.\r\nChất áo sờ lên tay mềm mịn, không nhăn, không xù, không phai màu. Khéo léo kết hợp những bộ trang phục với nhau\r\nchắc chắn bạn sẽ có những sét đồ thời trang ưng ý khi xuống phố.\r\nÁo sơ mi nam hoạ tiết hàng hiệu đã và đang trở thành items mang lại phong cách độc đáo cho các chàng. Đối với cánh mày râu, đó cũng góp phần tạo nên điểm nhấn trong gu thời trang.','https://admin.vuahanghieu.com/upload/product/2023/05/ao-so-mi-saint-laurent-yves-ysl-floral-print-silk-shirt-mau-den-6474483a2ddc1-29052023133746.jpg','Áo Sơ Mi Nam Saint Laurent Yves YSL Floral Print Silk Shirt Màu Đen',708.00,100,98,80),(116,'Đặc Điểm Áo Sơ Mi Saint Laurent Yves YSL Wool Muslin Nino Head Shirts Màu Đen\r\nSaint Laurent Yves YSL Wool Muslin Nino Head Shirts là mẫu áo được thiết kế kiểu dáng hiện đại và thời trang, toát lên sự sang trọng và thu hút. Áo có họa tiết vô cùng sành điệu giúp bạn trông thật nổi bật và cuốn hút. Kiểu dáng áo nam này sẽ giúp body của bạn tôn lên một cách tối đa tạo cảm giác người mặc cân đối và mạnh mẽ hơn rất nhiều.\r\nChất áo sờ lên tay mềm mịn, không nhăn, không xù, không phai màu. Khéo léo kết hợp những bộ trang phục với nhau\r\nchắc chắn bạn sẽ có những sét đồ thời trang ưng ý khi xuống phố.\r\nÁo sơ mi nam hoạ tiết hàng hiệu đã và đang trở thành items mang lại phong cách độc đáo cho các chàng. Đối với cánh mày râu, đó cũng góp phần tạo nên điểm nhấn trong gu thời trang','https://admin.vuahanghieu.com/upload/product/2023/05/ao-so-mi-nam-saint-laurent-yves-ysl-wool-muslin-nino-head-shirts-mau-den-6476bf0f3938b-31052023102919.jpg','Áo Sơ Mi Nam Saint Laurent Yves YSL Wool Muslin Nino Head Shirts Màu Đen',621.00,100,98,80),(117,'Đặc điểm Túi Đeo Chéo Bottega Veneta Candy Cassette 666688VMAY16208 Màu Đỏ Đô\r\nTúi Đeo Chéo Bottega Veneta Candy Cassette \r\n 66688VMAY16208 Màu Đỏ Đô mang vẻ bề ngoài khá đơn giản với gam màu thời thượng. Túi được hoàn thiện từ chất liệu da cao cấp đem lại sự bền đẹp trong suốt quá trình sử dụng.\r\nTúi được thiết kế nắp gập từ tính ngăn chính rộng rãi đem lại sự tiện lợi khi sử dụng. Từng đường may trên thân túi được chau chuốt tỉ mỉ. Mẫu túi rất thuận tiện cho bạn sử dụng khi đi làm, đi chơi hay cafe cùng bạn bè.\r\nSở hữu một chiếc túi hợp màu sắc sẽ làm tăng vẻ đẹp của bộ trang phục bạn mặc và khẳng định ấn tượng của bạn trong mắt người đối diện. Với chiếc túi thời trang này bạn có thể vừa sử dụng đeo vai hoặc đeo chéo theo sở thích của bản thân, chắc chắn đây sẽ là sản phẩm hoàn hảo cho phái nữ.\r\nKích thước: 8 x 12 x 4cm.','https://admin.vuahanghieu.com/upload/product/2022/09/tui-deo-cheo-bottega-veneta-candy-cassette-666688vmay16208-mau-do-do-63282f9d3f658-19092022160013.jpg','Túi Đeo Chéo Bottega Veneta Candy Cassette 666688VMAY16208 Màu Đỏ Đô',875.00,100,99,82),(118,'Đặc điểm Túi Cầm Tay Nam Bottega Veneta Intrecciato Clutch Màu Đen \r\nTúi Cầm Tay Nam Bottega Veneta Intrecciato Clutch Màu Đen mang vẻ bề ngoài khá đơn giản với gam màu thời\r\nthượng. Túi thiết kế đơn giản, kiểu dáng nam tính, lịch lãm với kỹ thuật chế tác da đặc trưng đã làm nền tên tuổi của hãng.\r\nPhong cách thanh lịch, hiện đại cộp mác thương hiệu được thể hiện tinh tế, tiện dụng cùng kích thước ngăn đựng khá rộng rãi, thoải mái với khóa zip chắc chắn.\r\nNổi bật nhất vẫn là kỹ thuật da đan Intrecciato, khẳng định ngay sau cuộc cách mạng \"không logo\" của Bottega Veneta, đồng thời tạo nên cho bề mặt da độ cứng cáp và bền bỉ vượt thời gian, khiến các tín đồ của Bottega nói riêng và thời trang cao cấp nói chung \"chỉ nhìn đã thấy người quen\".\r\nSở hữu một chiếc túi hợp màu sắc sẽ làm tăng vẻ đẹp của bộ trang phục bạn mặc và khẳng định ấn tượng của bạn trong mắt người đối diện. Với chiếc túi thời trang này sẽ giúp phong cách thời trang của bạn có gu hơn và đậm chất quý ông lịch lãm.\r\nKích thước: 12 x 2.5 x 21cm.','https://admin.vuahanghieu.com/upload/product/2023/05/tui-cam-tay-nam-bottega-veneta-intrecciato-clutch-mau-den-6466eeecd5a14-19052023103716.jpg','Túi Cầm Tay Nam Bottega Veneta Intrecciato Clutch Màu Đen',699.00,100,99,82),(119,'Thiết kế chai nước hoa Bottega Veneta Pour Homme\r\nChai nước hoa được thiết kế hình trụ với màu xám dạng tròn bằng thủy tinh nhưng khoác lên mình một màu xám đen lịch lãm và đầy bí ẩn. Ngoài ra trên cổ chai còn có nét khác biệt chính là chiếc vòng nhỏ làm bằng da thuộc sang trọng. Bottega Veneta Pour Homme thuộc hương da thuộc mang lại cảm giác vô cùng mạnh mẽ, tự tin và nam tính cho bất kì người đàn ông nào là chủ sở hữu.\r\nMùi hương nước hoa Bottega Veneta Pour Homme\r\nChai nước hoa với hương nhựa Labdanum đến từ vùng Andalusia làm nốt hương chủ chốt. Các hương vị đầu làm mới với hương vị của cam bergamot Calabrian, thông từ Siberia và cây bách xốt từ vùng Balkans. Lớp hương giữa là những phong vị cay cay của ớt Pimento và được làm ấm lên bởi nhựa cây tùng của Canada phủ lên bằng tinh bột của Địa Trung Hải, dựa trên gỗ labdanum Andalusian, da và cải dầu ở Indonesia. Tất cả hoà quyện lại với nhau một cách hoàn hảo và tạo ra một mùi hương tinh tế và bí ẩn.\r\nMùi hương đặc trưng:\r\nHương đầu: Cam Bergamot Calabria, Cây thông Siberia, Cây bách xù\r\nHương giữa: Ớt Pimento, Cây tùng Canada, Cây đơn sâm\r\nHương cuối: Hương Labdanum, Da thuộc, Cây hoắc hương','https://admin.vuahanghieu.com/upload/product/2021/07/61026cfcadf5b-29072021155524.jpg','Nước Hoa Nam Bottega Veneta Pour Homme EDT 90ml',121.00,100,99,83),(120,'Bottega Veneta Eau de Velours là là lọ nước hoa mở đầu với hương cam chanh thanh mát. Hỗn hợp hương hoa hồng ngọt ngào, hồ tiêu cay nồng cùng các loại gia vị tạo thành một lớp hương quen thuộc tựa như tỏa ra từ vườn nhà. Mùi da thuộc ở lớp cuối tạo thành điểm kết ấm áp, dễ chịu và thân thuộc.\r\nNgoài hương thơm da thuộc đặc trưng, bạn sẽ còn tìm thấy ở Eau de Velours những mùi hương khác. Chẳng hạn như Hoa cam bergamot, hạt tiêu hồng, hoa hồng, hoa nhài và hoa hoắc hương. Hương thơm nữ tính, sang trọng mà dễ chịu phù hợp cho bạn nữ hiện đại, tinh tế và quyết đoán.\r\nMở đầu với hương cam chanh thanh mát. Hỗn hợp hương hoa hồng ngọt ngào, hồ tiêu cay nồng cùng các loại gia vị tạo thành một lớp hương quen thuộc tựa như tỏa ra từ vườn nhà. Mùi da thuộc ở lớp cuối tạo thành điểm kết ấm áp, dễ chịu và thân thuộc.\r\nThiết kế chai Bottega Veneta Eau De Velours cũng thể hiện một nét tinh tế, bởi các sắc thái màu đỏ tía đậm của chai thủy tinh và ruy băng nhung tay sang trọng.','https://admin.vuahanghieu.com/upload/product/2022/02/nuoc-hoa-nu-bottega-veneta-eau-de-velours-edp-75ml-621046aa6d500-19022022082354.jpg','Nước Hoa Nữ Bottega Veneta Eau De Velours EDP 75ml',99.00,100,99,83),(121,'Mô tả Giày Lười Bottega Veneta Calfskin Loafer Màu Đỏ Tím\r\nGiày Lười Bottega Veneta Calfskin Loafer Màu Đỏ Tím được làm từ da cao cấp rất mềm mại, thiết kế của đôi giày loafer với form thuôn ôm gọn bàn chân, ưu điểm chất liệu cao cấp cùng các đường da đan đều đặn và chắc chắn. Phần đế giày được làm từ cao su lưu hóa có độ bền cao, ma sát tốt.\r\nForm giày ôm chân, các đường chỉ khâu thẳng hàng rất tinh tế và chắc chắn. Lót giày dày dặn, êm ái giúp chân luôn thoải mái dù mang giày suốt cả ngày.\r\nĐôi giày Bottega Veneta Calfskin Loafer Màu Đỏ Tím có thể kết hợp được với nhiều loại trang phục sang trọng, lịch lãm, từ quần jean cho đến kaki... cho bạn sét đồ thời trang lịch lãm.','https://admin.vuahanghieu.com/upload/product/2022/02/giay-luoi-bottega-veneta-calfskin-loafer-mau-do-tim-size-39-62184b8b7ba4d-25022022102251.jpg','Giày Lười Bottega Veneta Calfskin Loafer Màu Đỏ Tím Size 39',529.00,100,99,84),(122,'Mô tả Giày Lười Bottega Veneta Calfskin Loafer Màu Đen\r\nGiày Lười Bottega Veneta Calfskin Loafer Màu Đen được làm từ da cao cấp rất mềm mại, thiết kế của đôi giày loafer\r\nvới form thuôn ôm gọn bàn chân, ưu điểm chất liệu cao cấp cùng các đường da đan đều đặn và chắc chắn. Phần đế giày được làm từ cao su lưu hóa có độ bền cao, ma sát tốt.\r\nForm giày ôm chân, các đường chỉ khâu thẳng hàng rất tinh tế và chắc chắn. Lót giày dày dặn, êm ái giúp chân luôn thoải mái dù mang giày suốt cả ngày.\r\nĐôi giày Bottega Veneta Calfskin Loafer có thể kết hợp được với nhiều loại trang phục sang trọng, lịch lãm, từ quần jean cho đến kaki... cho bạn sét đồ thời trang lịch lãm.','https://admin.vuahanghieu.com/upload/product/2022/02/giay-luoi-bottega-veneta-calfskin-loafer-mau-den-size-40-5-62184adc0f67b-25022022101956.jpg','Giày Lười Bottega Veneta Calfskin Loafer Màu Đen Size 40.5',520.00,100,99,84),(123,'Thiết kế Balo Balo Chanel Mini Duma Backpack Màu Đen\r\nBalo Chanel Mini Duma Backpack Màu Đen được làm từ chất liệu da cao cấp cùng với thiết kế dạng bucket kết hợp\r\ncùng kiểu dáng balo năng động. Họa tiết tên thương hiệu \"Chanel\" mạ vàng nổi bật tạo điểm nhấn ở mặt ngoài.\r\nDây đeo được thiết kế dạng mảnh làm từ da cao cấp có thể điều chỉnh độ dài một cách dễ dàng. Balo mở bằng khóa CC lồng vào nhau và một dây rút. Ngăn bên trong balo rộng rãi có thể để những vật dụng thiết yếu khi ra ngoài như: ví tiền, giấy tờ, điện thoại,...\r\nNếu bạn là tín đồ của nhà Chanel, đây chắc hẳn là một item không thể thiếu trong bộ sưu tập của bạn.\r\nKích thước: 17 x 18 x 12cm.','https://admin.vuahanghieu.com/upload/product/2023/05/balo-chanel-mini-duma-backpack-mau-den-64643dd40efa5-17052023093708.jpg','Balo Chanel Mini Duma Backpack Màu Đen',6974.00,100,85,82),(124,'Thiết kế chai nước hoa Chanel Bleu De Chanel Parfum 100ml sang trọng\r\nVới thiết kế chai màu đen sang trọng và huyền bí, Nước Hoa Nam Chanel Bleu De Chanel Parfum 100ml vẫn với mẫu chai mạnh mẽ thu hút ánh nhìn của đối phương điểm xuyết tên dòng nước hoa và thương hiệu với mạ vàng nổi bật.\r\nMùi hương nước hoa Chanel Bleu De Chanel Parfum nam tính, mạnh mẽ\r\nChai nước hoa thuộc dòng Chanel Bleu mang một sự tươi trẻ thơm mát mở ra, kéo dài trên sự ấm áp, đong đầy cảm giác nghiện của gỗ tuyết tùng và gỗ đàn hương từ New Caledonia quét qua hương thơm mãnh liệt từ gỗ. Chai nước hoa của chanel phá vỡ mọi qui ước, mang đến hương thơm gợi cảm, lịch lãm và đầy bản lĩnh của phái mạnh.\r\nHương Đầu: Lemon Zest, Cam Bergamot, Cây bạc hà, Ngải\r\nHương giữa: Hoa Oải Hương, Hoa phong lữ, Hương lục, Quả dứa (quả thơm)\r\nHương cuối: Gỗ tuyết tùng, Gỗ đàn hương, Hương Iso E Super, Đậu Tonka, Amberwood.','https://admin.vuahanghieu.com/upload/product/2022/02/nuoc-hoa-nam-chanel-bleu-de-chanel-parfum-100ml-620601ce27f94-11022022132726.jpg','Nước Hoa Nam Chanel Bleu De Chanel Parfum 100ml',206.00,100,85,83),(125,'Ưu điểm của Xịt Dưỡng Thể Chanel Coco Mademoiselle 100ml\r\nMang hương thơm tinh tế và hiện đại của nước hoa COCO MADEMOISELLE, xịt dưỡng thể đem lại cảm giác tươi mát tức thì và khỏe khoắn kéo dài, giúp lưu giữ mùi hương phương Đông tươi mát.\r\n• Hỗ trợ mang lại cho nữ giới một mùi hương tinh khiết, ngào ngạt với mùi của các loại hoa và hoa quả chín, cũng như mùi của cây cỏ.\r\n• Hỗ trợ làm mềm mịn da, dưỡng da trắng sáng.\r\n• Hỗ trợ cho nữ giới luôn tự tin vì mùi hương nữ tính và quyến rũ.\r\n• Khả năng lưu hương lâu và độ tỏa hương rộng.','https://admin.vuahanghieu.com/upload/product/2021/06/xit-duong-the-chanel-coco-mademoiselle-100ml-60dbd0df1fcc0-30062021090311.jpg','Xịt Dưỡng Thể Chanel Coco Mademoiselle 100ml',79.00,100,85,85),(126,'Giới thiệu về sản phẩm son Chanel Rouge Allure Màu 99 Pirate\r\nSon Chanel Rouge Allure màu 99 PIRATE dòng son lỳ Chanel Rouge Allure của hãng, son màu đỏ đun, lên màu đẹp, thỏi son mướt, tránh để lại rãnh trên môi.\r\nChanel Rouge Allure và Chanel Rouge Allure VELVET – dòng son lỳ cao cấp của Chanel không còn xa lạ gì với mọi cô gái hiện đại ngày nay. Dòng son cao cấp đến từ nước Pháp – kinh đô thời trang hoa lệ, chính là biểu tượng hoàn hảo của cái đẹp. Mỗi thỏi son Chanel đều đem đến những sự sang trọng, quý phái và sức hút khó cưỡng lại.\r\nMỹ phẩm Chanel từ xưa đến nay luôn được biết đến là dòng mỹ phẩm khá lành tính, ít gây kích ứng trên da. Chanel đẳng cấp luôn đi kèm với chất lượng, do vậy mọi loại mỹ phẩm của hãng, kể cả sản phẩm PIRATE luôn được bán rất chạy, nhiều người order, đặt hàng mua.\r\nChanel Rouge Allure – dòng son lỳ của hãng nhưng vẫn khiến son lên môi mềm mịn, tự nhiên. Không những thế, dòng Allure còn hỗ trợ màu son bao trọn môi, tránh gây nên hiệu tượng môi bị rãnh hay màu sắc không đều. Chanel Rouge Allure VELVET nổi tiếng là dòng son với những tone màu tươi sáng rạng rỡ, màu rất thật môi. Trong khi đó, Chanel Rouge Allure là dòng son có màu trầm hơn so với VELVET, tạo nên sự quý phái, sang trọng và lịch lãm.\r\nChanel Rouge Allure – dòng son Chanel Rouge Allure, dòng son lỳ màu đỏ đun đậm, lên màu dễ, rất hợp với những bộ trang phục sang trọng.\r\nMỗi dòng Chanel khác nhau đều lên màu khác nhau nhưng điểm chung là màu của hãng đều rất tươi, tự nhiên và tạo nên vẻ trẻ trung, tươi mới cho người sử dụng.','https://admin.vuahanghieu.com/upload/product/2020/03/son-chanel-rouge-allure-mau-99-pirate-5e709828c6638-17032020162808.jpg','Son Chanel Rouge Allure Màu 99 Pirate',81.00,100,85,85),(127,'Thiết kế nước hoa Carolina Herrera 212 Heroes For Her EDP độc đáo khác lạ\r\nVới tinh thần đầy táo bạo của những cô gái trẻ luôn phấn đấu cho đam mê của chính mình, dám tự tin, dám thể hiện cá tính để thành công và toả sáng, Nước Hoa Carolina Herrera 212 Heroes For Her EDP xuất hiện trong thiết kế ván trượt mang tính biểu tượng.\r\nChai nước hoa của hãng Carolina Herrera nhanh chóng trở thành từ khoá được tìm kiếm nhiều nhất trên mạng xã hội. Chai nước hoa luôn là sản phẩm tuyệt vời dành cho phái nữ, Các chị em sẽ trở nên quyển rũ và cuốn hút hơn khi gặp gỡ bạn bè, mọi người xung quanh.\r\nMùi hương Carolina Herrera 212 Heroes For Her EDP ngọt ngào huyền bí\r\nNhằm tôn vinh những người phụ nữ trẻ luôn lan toả nguồn năng lượng tích cực và truyền cảm hứng thay đổi thế giới thông qua tài năng, cá tính và lòng can đảm của họ, Nước Hoa Carolina Herrera 212 Heroes For Her EDP chính là sáng tạo tuyệt vời về tinh thần độc lập của phụ nữ hiện đại để nhắc nhở chúng ta rằng không điều gì có thể \"anh hùng\" hơn là trở thành chính mình và không một ai có thể là \"hero\" của cuộc đời mình ngoài chính bản thân mình.\r\n#Forever Young chính là thông điệp mà 212 Heroes muốn gửi gắm trong nốt hương này. Mở đầu tươi mát và ngọt ngào với Dâu rừng, hương thơm truyền đi tín hiệu của sự tươi trẻ, năng động đầy cuốn hút; kết hợp cùng Hoa Cam đầy nữ tính nhưng không kém phần quyến rũ 212 Heroes For Her trở nên hấp dẫn đến lạ thường và chợt bừng lên với Gỗ Đàn hương ở đoạn cuối hành trình đã lan tỏa mạnh mẽ và lưu giữ cảm xúc lắng đọng khó diễn tả bằng lời.\r\n212 Heroes For Her EDP đã truyền đi niềm cảm hứng ước mơ của thanh xuân mãnh liệt, dám dấn thân cho đam mê và khát vọng.\r\n• Hương đầu: Dâu rừng\r\n• Hương giữa: Hoa cam\r\n• Hương cuối: Gỗ đàn hương\r\nChai nước hoa Carolina Herrera hứa hẹn là một mùi hương đầy khiêu khích, gợi cảm giúp các nàng tỏa sáng giữa đám\r\nđông.','https://admin.vuahanghieu.com/upload/product/2022/03/62318af9c3f8f-16032022140009.jpg','Nước Hoa Carolina Herrera 212 Heroes For Her EDP 80ml',125.00,100,86,85),(128,'Thiết kế chai nước hoa Carolina Herrera 212 Men Heroes EDT\r\nNước Hoa Carolina Herrera 212 Men Heroes EDT lấy cảm hứng từ ván trượt skateboard – một bộ môn thể hiện sự năng động, mạnh mẽ và cá tính của người trẻ. Mặt trước dát một khối kim loại tráng bạc, mặt sau dính bốn bánh xe cùng màu. Ở giữa thân chai được làm bằng thủy tinh trong suốt để lộ tinh chất màu xanh tươi mát, trẻ trung. Nước hoa 212 bạc khảm lên mặt trước logo 212 cùng như tên thương hiệu thể hiện sự tinh tế của sản phẩm.\r\nMùi hương set nước hoa Carolina Herrera 212 Men Heroes EDT\r\nNước hoa, sữa tắm Carolina Herrera này khiến ngày dài của chàng trở nên hào hứng hơn bao giờ hết. Một mùi hăng cay của gừng tạo nên sự tươi mới được kết hợp trái lê thanh mát. Hương thơm được đẩy lên một tầm cao mới với những chiếc lá Canabis. Cây xô thơm mang mùi hương cổ điển, nam tính hòa quyện một cách hoàn hảo với hoa phong lữ. Hoa phong lữ được đẩy lên làm mùi hương trở nên trẻ trung, năng động hơn cả. Cuối cùng nốt hương da thuộc và xạ hương thể hiện sự phong trần, cuốn hút của mình. Khiến cho hương thơm cứ mãi vương vấn trên cơ thể của chàng.\r\nMang nghệ thuật đường phố đến gần hơn với giới trẻ là những điều mà nước hoa 212 bạc mang đến. Sự năng động, cá tính và đầy nhiệt huyết của bộ môn này ảnh hưởng đến chàng, giúp chàng nổi bật giữa thế giới nước hoa. Giúp chàng trở nên tự tin cởi mở hơn, để thỏa sức sáng tạo và tận hưởng niềm vui một cách trọn vẹn nhất.\r\nMùi hương đặc trưng:\r\nHương đầu: Lá Canabis, Trái lê, Gừng\r\nHương giữa: Cây xô thơm, Hoa phong lữ\r\nHương cuối: Da thuộc, Xạ hương','https://admin.vuahanghieu.com/upload/product/2022/11/set-carolina-herrera-212-men-heroes-edt-90ml-mini-10ml-showergel-100ml-6369cb1b0c61f-08112022102059.png','Set Carolina Herrera 212 Men Heroes (EDT 90ml, Mini 10ml, Showergel 100ml)',119.00,100,86,83),(129,'Mô tả Cà Vạt Hermès Carre D\'h Tie SAR 990 H656192T Màu Xanh Navy\r\nCà Vạt Herme Carre D\'h Tie SAR 990 được may từ chất liệu vải lụa mềm, bề mặt nhẵn mịn, lớp vải lót dày dặn. Sản phẩm có đường chỉ may tỉ mỉ, tinh tế, đặc biệt phù hợp diện trong các dịp như hội họp, ký kết, công việc văn phòng và những sự kiện trang trọng.\r\nCà vạt mang tới cho bạn một cái nhìn khác biệt trước mắt đối tác. Cùng với vest tạo nên một phong cách thơi trang mới mẻ, lịch sự và trang trọng. Dễ dàng nhanh chóng, tiện lợi dễ sử dụng cho người mới. Cavat Nam, Cavat bản nhỏ là loại rất được ưu chuộng, gần như đã được sử dụng rộng rãi thay thế những chiếc cavat to bản, khủng bố. Kết hợp với đồ slimfit, đồ bó mang đến sự trẻ trung năng động.\r\nHướng dẫn bảo quản:\r\nGiặt tay ở nhiệt độ thường.\r\nTránh sử dụng bột giặt có chất tẩy mạnh.\r\nTránh phơi trực tiếp dưới ánh nắng gắt.\r\nỦi mặt trái sản phẩm ở nhiệt độ trung bình.','https://admin.vuahanghieu.com/upload/product/2020/12/ca-vat-herme-carre-d-h-tie-sar-990-mau-xanh-navy-5fe008060dde9-21122020092718.jpg','Cà Vạt Hermès Carre D\'h Tie SAR 990 H656192T Màu Xanh Navy',287.00,100,86,80),(130,'Thiết kế Giày Lười Nam Duca Di Morrone Da Lộn Ermes-Cam_Taupe Màu Xám\r\nGiày Lười Nam Duca Di Morrone Da Lộn Ermes-am_Taupe Màu Xám được làm từ chất liệu da lộn cao cấp, form giày\r\nvới các đường nét vô cùng sắc sảo và chắc chắn, tỉ mỉ đến từng chi tiết. Lớp lót da mềm mại, đế giày cao su đàn hồi, giúp bạn luôn cảm thấy thoải mái cả ngày dài.\r\nGiày được thiết kế mũi tròn vuông thon nhỏ tạo được cảm giác đôi chân dài và gọn hơn. Sản phẩm có thể dễ dàng kết hợp với trang phục và phù hợp trong nhiều hoàn cảnh khác nhau, được nhiều người yêu thích bởi sự tiện lợi, gọn nhẹ của nó.\r\nGiày lười Duca Di Morrone Ermes-Cam_Taupe mang màu sắc thanh lịch, trang nhã cùng chất liệu cao cấp, đôi giày cho người đi thêm sang trọng, lịch thiệp, đây sẽ là mẫu giày không thể thiếu cho các tín đồ thời trang nam.','https://admin.vuahanghieu.com/upload/product/2023/06/giay-luoi-nam-duca-di-morrone-da-lon-ermes-cam_taupe-mau-xam-size-40-647843556f97d-01062023140557.jpg','Giày Lười Nam Duca Di Morrone Da Lộn Ermes-Cam_Taupe Màu Xám Size 42',198.00,100,85,84);
/*!40000 ALTER TABLE `product` ENABLE KEYS */;
UNLOCK TABLES;

--
-- Table structure for table `role`
--

DROP TABLE IF EXISTS `role`;
/*!40101 SET @saved_cs_client     = @@character_set_client */;
/*!50503 SET character_set_client = utf8mb4 */;
CREATE TABLE `role` (
  `id` bigint NOT NULL AUTO_INCREMENT,
  `name` varchar(255) COLLATE utf8mb4_general_ci DEFAULT NULL,
  PRIMARY KEY (`id`)
) ENGINE=InnoDB AUTO_INCREMENT=15 DEFAULT CHARSET=utf8mb4 COLLATE=utf8mb4_general_ci;
/*!40101 SET character_set_client = @saved_cs_client */;

--
-- Dumping data for table `role`
--

LOCK TABLES `role` WRITE;
/*!40000 ALTER TABLE `role` DISABLE KEYS */;
INSERT INTO `role` VALUES (6,'ROLE_USER'),(7,'ROLE_USER'),(8,'ROLE_USER'),(9,'ROLE_ADMIN'),(10,'ROLE_USER'),(11,'ROLE_USER'),(13,'ROLE_USER');
/*!40000 ALTER TABLE `role` ENABLE KEYS */;
UNLOCK TABLES;

--
-- Table structure for table `user`
--

DROP TABLE IF EXISTS `user`;
/*!40101 SET @saved_cs_client     = @@character_set_client */;
/*!50503 SET character_set_client = utf8mb4 */;
CREATE TABLE `user` (
  `id` bigint NOT NULL AUTO_INCREMENT,
  `email` varchar(255) COLLATE utf8mb4_general_ci DEFAULT NULL,
  `first_name` varchar(255) COLLATE utf8mb4_general_ci DEFAULT NULL,
  `last_name` varchar(255) COLLATE utf8mb4_general_ci DEFAULT NULL,
  `password` varchar(255) COLLATE utf8mb4_general_ci DEFAULT NULL,
  `fist_name` varchar(255) COLLATE utf8mb4_general_ci DEFAULT NULL,
  PRIMARY KEY (`id`),
  UNIQUE KEY `UKob8kqyqqgmefl0aco34akdtpe` (`email`)
) ENGINE=InnoDB AUTO_INCREMENT=13 DEFAULT CHARSET=utf8mb4 COLLATE=utf8mb4_general_ci;
/*!40101 SET character_set_client = @saved_cs_client */;

--
-- Dumping data for table `user`
--

LOCK TABLES `user` WRITE;
/*!40000 ALTER TABLE `user` DISABLE KEYS */;
INSERT INTO `user` VALUES (6,'thai123@gmail.com',NULL,'THÁI','$2a$10$0iCt4IZhf6DOj.OHZY3lKO3r5htpPVahKVIODu1KDV0DBpVCR6bZe','TRẦN NGỌC'),(7,'thai1@gmail.com',NULL,'THÁI','$2a$10$MfKbNkRIoc9tr6aUN9VZdeZFiNM561SiEWTr9MYFpBQPnDnBN5G7e','TRẦN NGỌC'),(8,'thai2@gmail.com',NULL,'THÁI','$2a$10$eVYu6RXnHLx3USb/Cv7.R.hcUiM.xR6lTvaa3aqqZjClEUPljRKd.','TRẦN NGỌC'),(9,'admin@gmail.com','admin','admin','$2a$10$WRcFTgBFXaJcnjxYYrYbnOTHTCQPJzjxIUNYQY/vEcQQiie0Zr8U2',NULL);
/*!40000 ALTER TABLE `user` ENABLE KEYS */;
UNLOCK TABLES;

--
-- Table structure for table `users_roles`
--

DROP TABLE IF EXISTS `users_roles`;
/*!40101 SET @saved_cs_client     = @@character_set_client */;
/*!50503 SET character_set_client = utf8mb4 */;
CREATE TABLE `users_roles` (
  `user_id` bigint NOT NULL,
  `role_id` bigint NOT NULL,
  KEY `FKt4v0rrweyk393bdgt107vdx0x` (`role_id`),
  KEY `FKgd3iendaoyh04b95ykqise6qh` (`user_id`),
  CONSTRAINT `FKgd3iendaoyh04b95ykqise6qh` FOREIGN KEY (`user_id`) REFERENCES `user` (`id`),
  CONSTRAINT `FKt4v0rrweyk393bdgt107vdx0x` FOREIGN KEY (`role_id`) REFERENCES `role` (`id`)
) ENGINE=InnoDB DEFAULT CHARSET=utf8mb4 COLLATE=utf8mb4_general_ci;
/*!40101 SET character_set_client = @saved_cs_client */;

--
-- Dumping data for table `users_roles`
--

LOCK TABLES `users_roles` WRITE;
/*!40000 ALTER TABLE `users_roles` DISABLE KEYS */;
INSERT INTO `users_roles` VALUES (6,6),(7,7),(8,8),(9,9);
/*!40000 ALTER TABLE `users_roles` ENABLE KEYS */;
UNLOCK TABLES;
/*!40103 SET TIME_ZONE=@OLD_TIME_ZONE */;

/*!40101 SET SQL_MODE=@OLD_SQL_MODE */;
/*!40014 SET FOREIGN_KEY_CHECKS=@OLD_FOREIGN_KEY_CHECKS */;
/*!40014 SET UNIQUE_CHECKS=@OLD_UNIQUE_CHECKS */;
/*!40101 SET CHARACTER_SET_CLIENT=@OLD_CHARACTER_SET_CLIENT */;
/*!40101 SET CHARACTER_SET_RESULTS=@OLD_CHARACTER_SET_RESULTS */;
/*!40101 SET COLLATION_CONNECTION=@OLD_COLLATION_CONNECTION */;
/*!40111 SET SQL_NOTES=@OLD_SQL_NOTES */;

-- Dump completed on 2023-09-03 21:08:59
